"GLU","prot_frac"
1,0.995724649963036
2,0.993620234984341
3,0.999901867624282
4,0.980500054223793
5,0.999953904712163
6,0.997990098176578
7,0.978497301758285
8,0.748040284538161
9,0.882349177855772
10,0.944157647684428
11,0.775584475731416
12,0.355913181817058
13,0.308555408465989
14,0.345699342898067
15,0.976136010839494
16,0.44691162077569
17,0.375240643304252
18,0.222989486857938
19,0.777749262739638
20,0.289924578892136
21,0.405240052829154
22,0.276743624869722
23,0.441623333745171
24,0.250269039021691
25,0.252098543731861
26,0.440079131288382
27,0.801831290171404
28,0.531585797826438
29,0.406767317797912
30,0.462889882935212
31,0.510101870543889
32,0.571658260135354
33,0.386499004210629
34,0.999647898094391
35,0.234048667264137
36,0.39883572288051
37,0.522026928606366
38,0.239505130032504
39,0.132546946211565
40,0.874656931850253
41,0.283389036582238
42,0.776061175913831
43,0.602974183831616
44,0.301724010167122
45,0.73815525328609
46,0.265716761061183
47,0.161114946650111
48,0.861380702671596
49,0.174909044876514
50,0.401651095773821
51,0.522657207824624
52,0.769308833106525
53,0.0958943417581139
54,0.35525984601687
55,0.466803879324903
56,0.496635184974765
57,0.475747584125468
58,0.708807437584868
59,0.444294342504637
60,0.321202925191645
61,0.613146139933779
62,0.506388716265317
63,0.380225159456087
64,0.345470912280718
65,0.260606220724937
66,0.12536291622218
67,0.475887360626016
68,0.580649410948174
69,0.384415819257424
70,0.245902693623451
71,0.496841546290296
72,0.318140754322205
73,0.501385176062364
74,0.399351700094725
75,0.434876143197131
76,0.70199399581236
77,0.139127390503236
78,0.167386011300565
79,0.331484173803822
80,0.625571315933056
81,0.562340865524372
82,0.744163726972649
83,0.516464129553469
84,0.422129042261258
85,0.945221379903943
86,0.791381170473378
87,0.430681688381322
88,0.197710431751312
89,0.454010854973075
90,0.809372395885179
91,0.821032384804349
92,0.985723698099306
93,0.875144296019884
94,0.745703419853361
95,0.559371926393791
96,0.318812535086987
97,0.70592877943367
98,0.991261795092437
99,0.836737291188791
100,0.729455257252831
101,0.30544657684977
102,0.516011659993596
103,0.437456550101773
104,0.235714889991567
105,0.207187566137461
106,0.339057078562028
107,0.206699303478729
108,0.146074045478776
109,0.151652066829822
110,0.334068590022743
111,0.518264048954692
112,0.134593480075832
113,0.0935791066242779
114,0.134949413910815
115,0.2860603501857
116,0.210915933081294
117,0.088657658171748
118,0.101011325638812
119,0.395967652392667
120,0.0809486236960238
122,0.0861427653913625
123,0.0704575273042528
124,0.194857649590692
125,0.315003476441618
126,0.218146962176048
127,0.387871452520805
128,0.0448721217936861
129,0.208938479918629
130,0.613903980283871
131,0.245541297129451
132,0.326389358054774
133,0.470803138394817
134,0.233099021527603
135,0.382686902574717
136,0.38148193345441
137,0.253243547112648
138,0.152978398964406
139,0.414337159609917
140,0.114345216683421
141,0.266283708379456
142,0.247073708283328
143,0.471397966542677
144,0.972908789752019
145,0.126563202752874
146,0.379761245876981
147,0.0861340049222071
148,0.481643964015517
149,0.371896348286219
151,0.638919237171246
152,0.198746070761558
153,0.305927676663974
154,0.48342751856129
155,0.26300804101445
156,0.590174037889192
157,0.286083470877196
158,0.41798499062829
159,0.340935872282397
160,0.183774718154232
161,0.72311550768659
162,0.211078231678788
163,0.2501273633036
164,0.37499984764693
165,0.294772109181648
166,0.308194868959181
167,0.439259723389216
168,0.673315348779902
169,0.61374749545331
170,0.268034970175777
171,0.36158759632145
172,0.432347058604657
173,0.261688636618903
174,0.299688014199391
175,0.249188282332557
176,0.49501605047089
177,0.214541561828351
178,0.184408805670625
179,0.452380883580688
180,0.684316258786425
181,0.164833772098469
182,0.171287771853184
183,0.226536586763894
184,0.634479635039756
185,0.570297915799252
186,0.0863186347918619
187,0.14499930478657
188,0.354926007947995
189,0.253034883215756
190,0.210766331296353
191,0.366366031136137
192,0.1914506668302
193,0.765106895617113
194,0.383176925028295
195,0.182878035869769
196,0.736194456625356
197,0.398238551218596
198,0.38782948092902
199,0.248819310841378
200,0.666161097488899
201,0.491093185535401
202,0.791951711940785
203,0.211631532044846
204,0.789696941031897
205,0.307789964693819
206,0.187815746088454
207,0.90998224270439
208,0.279066546665503
209,0.0673611345242984
210,0.188179713156247
211,0.570739191182555
212,0.648950704239991
213,0.677253426250445
214,0.987507088108828
215,0.948280302033669
217,0.612144229927728
218,0.110843543974469
219,0.206941950507632
220,0.725767096620696
221,0.523268779203946
222,0.832725089336153
223,0.14754962810219
224,0.114873264853213
225,0.075922599320416
226,0.167185771170458
227,0.416834377799749
228,0.0856056192654504
229,0.578253848186822
230,0.165926413779435
231,0.229518338986022
232,0.294367947987052
233,0.23700819529887
234,0.595067914258139
235,0.118129701988698
